<?xml version="1.0" encoding="UTF-8"?>
<project MetadataType="monolithic">
    <Info Location="ProjectData">
        <Info Name="Cody-Ambassador-Contest"/>
    </Info>
    <Files Location="Root">
        <File Location=".gitattributes">
            <Info/>
        </File>
        <File Location=".gitignore">
            <Info/>
        </File>
        <File Location="README.md">
            <Info/>
        </File>
        <File Location="images">
            <Info/>
            <DIR_SIGNIFIER Location="1">
                <Info/>
            </DIR_SIGNIFIER>
            <File Location="icon.png">
                <Info/>
            </File>
            <File Location="sample_leaderboard.png">
                <Info/>
            </File>
        </File>
        <File Location="release">
            <Info/>
            <DIR_SIGNIFIER Location="1">
                <Info/>
            </DIR_SIGNIFIER>
            <File Location="Cody Ambassadors Contest.mltbx">
                <Info/>
            </File>
        </File>
        <File Location="temp">
            <Info/>
            <DIR_SIGNIFIER Location="1">
                <Info/>
            </DIR_SIGNIFIER>
            <File Location="scoreboard.html">
                <Info>
                    <Category UUID="FileClassCategory">
                        <Label UUID="artifact"/>
                    </Category>
                </Info>
            </File>
        </File>
        <File Location="tests">
            <Info/>
            <DIR_SIGNIFIER Location="1">
                <Info/>
            </DIR_SIGNIFIER>
            <File Location="ambassadorTests.m">
                <Info>
                    <Category UUID="FileClassCategory">
                        <Label UUID="design"/>
                    </Category>
                </Info>
            </File>
            <File Location="smokeTest.mlx">
                <Info>
                    <Category UUID="FileClassCategory">
                        <Label UUID="design"/>
                    </Category>
                </Info>
            </File>
        </File>
        <File Location="toolbox">
            <Info/>
            <DIR_SIGNIFIER Location="1">
                <Info/>
            </DIR_SIGNIFIER>
            <File Location="examples">
                <Info/>
                <DIR_SIGNIFIER Location="1">
                    <Info/>
                </DIR_SIGNIFIER>
                <File Location="contest_code.mlx">
                    <Info>
                        <Category UUID="FileClassCategory">
                            <Label UUID="design"/>
                        </Category>
                    </Info>
                </File>
                <File Location="contest_experiments.mlx">
                    <Info>
                        <Category UUID="FileClassCategory">
                            <Label UUID="design"/>
                        </Category>
                    </Info>
                </File>
                <File Location="leaderboardFromProfileIds.mlx">
                    <Info>
                        <Category UUID="FileClassCategory">
                            <Label UUID="design"/>
                        </Category>
                    </Info>
                </File>
                <File Location="profiles.txt">
                    <Info/>
                </File>
            </File>
            <File Location="findPlayerByProfileId.m">
                <Info>
                    <Category UUID="FileClassCategory">
                        <Label UUID="design"/>
                    </Category>
                </Info>
            </File>
            <File Location="findPlayersBySearch.m">
                <Info>
                    <Category UUID="FileClassCategory">
                        <Label UUID="design"/>
                    </Category>
                </Info>
            </File>
            <File Location="findProblemsByGroup.m">
                <Info>
                    <Category UUID="FileClassCategory">
                        <Label UUID="design"/>
                    </Category>
                </Info>
            </File>
            <File Location="findSolutionsByProblem.m">
                <Info>
                    <Category UUID="FileClassCategory">
                        <Label UUID="design"/>
                    </Category>
                </Info>
            </File>
            <File Location="generateSolutionsList.m">
                <Info>
                    <Category UUID="FileClassCategory">
                        <Label UUID="design"/>
                    </Category>
                </Info>
            </File>
            <File Location="makeLeaderboard.m">
                <Info>
                    <Category UUID="FileClassCategory">
                        <Label UUID="design"/>
                    </Category>
                </Info>
            </File>
            <File Location="scoreboardFromProfiles.mlapp">
                <Info>
                    <Category UUID="FileClassCategory">
                        <Label UUID="design"/>
                    </Category>
                </Info>
            </File>
            <File Location="styles.css">
                <Info/>
            </File>
            <File Location="webreadThrottled.m">
                <Info>
                    <Category UUID="FileClassCategory">
                        <Label UUID="design"/>
                    </Category>
                </Info>
            </File>
        </File>
    </Files>
    <Categories Location="Root">
        <Category Location="FileClassCategory">
            <Info DataType="None" Name="Classification" ReadOnly="1" SingleValued="1"/>
            <Label Location="design">
                <Info Name="Design" ReadOnly="READ_ONLY"/>
            </Label>
            <Label Location="derived">
                <Info Name="Derived" ReadOnly="READ_ONLY"/>
            </Label>
            <Label Location="artifact">
                <Info Name="Artifact" ReadOnly="READ_ONLY"/>
            </Label>
            <Label Location="convenience">
                <Info Name="Convenience" ReadOnly="READ_ONLY"/>
            </Label>
            <Label Location="other">
                <Info Name="Other" ReadOnly="READ_ONLY"/>
            </Label>
            <Label Location="test">
                <Info Name="Test" ReadOnly="READ_ONLY"/>
            </Label>
            <Label Location="none">
                <Info Name="None" ReadOnly="READ_ONLY"/>
            </Label>
        </Category>
    </Categories>
    <ProjectPath Location="Root">
        <Reference Location="86879da8-c311-457f-9f6b-f23f996efd22">
            <Info Ref="toolbox" Type="Relative"/>
        </Reference>
        <Reference Location="928515c6-362e-4147-a7f8-15036ec17433">
            <Info Ref="tests" Type="Relative"/>
        </Reference>
        <Reference Location="de92525c-3ebc-487f-801b-a7c5d39398d2">
            <Info Ref="toolbox/examples" Type="Relative"/>
        </Reference>
    </ProjectPath>
</project>
